{"cameraMode":{"drawMode":0,"name":"Shaded","section":"Shading Mode"},"sceneLighting":false,"audioPlay":false,"sceneViewState":{"m_AlwaysRefresh":false,"showFog":true,"showSkybox":false,"showFlares":true,"showImageEffects":true,"showParticleSystems":true,"showVisualEffectGraphs":true,"m_FxEnabled":true},"in2DMode":false,"pivot":{"x":-0.0025934837758541109,"y":0.06956322491168976,"z":0.13082128763198853},"rotation":{"x":0.006310807075351477,"y":0.9899116158485413,"z":-0.13325084745883943,"w":0.04602937400341034},"size":0.19201312959194184,"orthographic":false}