{"cameraMode":{"drawMode":0,"name":"Shaded","section":"Shading Mode"},"sceneLighting":false,"audioPlay":false,"sceneViewState":{"m_AlwaysRefresh":false,"showFog":true,"showSkybox":false,"showFlares":true,"showImageEffects":true,"showParticleSystems":true,"showVisualEffectGraphs":true,"m_FxEnabled":true},"in2DMode":false,"pivot":{"x":-0.062211401760578158,"y":0.1991596221923828,"z":-0.2939986288547516},"rotation":{"x":0.010783134959638119,"y":0.954108715057373,"z":-0.29703009128570559,"w":0.034315548837184909},"size":0.30720099806785586,"orthographic":false}