{"cameraMode":{"drawMode":0,"name":"Shaded","section":"Shading Mode"},"sceneLighting":false,"audioPlay":false,"sceneViewState":{"m_AlwaysRefresh":false,"showFog":true,"showSkybox":false,"showFlares":true,"showImageEffects":true,"showParticleSystems":true,"showVisualEffectGraphs":true,"m_FxEnabled":true},"in2DMode":false,"pivot":{"x":-0.08302062004804611,"y":0.4923737049102783,"z":0.15749484300613404},"rotation":{"x":-0.004118231125175953,"y":0.9956099390983582,"z":-0.07662325352430344,"w":-0.05351487174630165},"size":0.45798757672309878,"orthographic":false}