{"cameraMode":{"drawMode":0,"name":"Shaded","section":"Shading Mode"},"sceneLighting":false,"audioPlay":false,"sceneViewState":{"m_AlwaysRefresh":false,"showFog":true,"showSkybox":false,"showFlares":true,"showImageEffects":true,"showParticleSystems":true,"showVisualEffectGraphs":true,"m_FxEnabled":true},"in2DMode":false,"pivot":{"x":-0.02240608260035515,"y":-0.038508906960487369,"z":-0.15079744160175324},"rotation":{"x":-0.041683465242385867,"y":0.90458744764328,"z":-0.4141177237033844,"w":-0.09127500653266907},"size":0.13909485936164857,"orthographic":false}