{"cameraMode":{"drawMode":0,"name":"Shaded","section":"Shading Mode"},"sceneLighting":false,"audioPlay":false,"sceneViewState":{"m_AlwaysRefresh":false,"showFog":true,"showSkybox":false,"showFlares":true,"showImageEffects":true,"showParticleSystems":true,"showVisualEffectGraphs":true,"m_FxEnabled":true},"in2DMode":false,"pivot":{"x":-0.1864233911037445,"y":0.10358753055334091,"z":-0.041976187378168109},"rotation":{"x":0.11866216361522675,"y":0.7185518145561218,"z":-0.12645862996578217,"w":0.6733856201171875},"size":0.19501811265945435,"orthographic":false}