{"cameraMode":{"drawMode":0,"name":"Shaded","section":"Shading Mode"},"sceneLighting":false,"audioPlay":false,"sceneViewState":{"m_AlwaysRefresh":false,"showFog":true,"showSkybox":false,"showFlares":true,"showImageEffects":true,"showParticleSystems":true,"showVisualEffectGraphs":true,"m_FxEnabled":true},"in2DMode":false,"pivot":{"x":-0.030517101287841798,"y":0.09608283638954163,"z":0.07414944469928742},"rotation":{"x":0.10386087000370026,"y":0.7606908082962036,"z":-0.12571534514427186,"w":0.628201961517334},"size":0.2457917183637619,"orthographic":false}