{"cameraMode":{"drawMode":0,"name":"Shaded","section":"Shading Mode"},"sceneLighting":false,"audioPlay":false,"sceneViewState":{"m_AlwaysRefresh":false,"showFog":true,"showSkybox":false,"showFlares":true,"showImageEffects":true,"showParticleSystems":true,"showVisualEffectGraphs":true,"m_FxEnabled":true},"in2DMode":false,"pivot":{"x":-0.08817525953054428,"y":0.09092202037572861,"z":-0.35448694229125979},"rotation":{"x":-0.002249328652396798,"y":0.996405303478241,"z":-0.0781913623213768,"w":-0.02992846816778183},"size":0.345740407705307,"orthographic":false}